{"accuracy": [0.8362068965517241, 0.7931034482758621, 0.7801724137931034, 0.7974137931034483, 0.7844827586206896, 0.8103448275862069, 0.7844827586206896, 0.7835497835497836, 0.8138528138528138, 0.8268398268398268], "f1_objective": [0.8926553672316384, 0.8612716763005781, 0.8477611940298508, 0.8535825545171339, 0.8484848484848484, 0.8770949720670391, 0.8366013071895425, 0.8546511627906977, 0.8660436137071651, 0.8787878787878788], "recall_objective": [0.9080459770114943, 0.8097826086956522, 0.8606060606060606, 0.8726114649681529, 0.8284023668639053, 0.8770949720670391, 0.8050314465408805, 0.8855421686746988, 0.9144736842105263, 0.8430232558139535], "precision_objective": [0.8777777777777778, 0.9197530864197531, 0.8352941176470589, 0.8353658536585366, 0.8695652173913043, 0.8770949720670391, 0.8707482993197279, 0.8258426966292135, 0.8224852071005917, 0.9177215189873418], "f1_subjective": [0.6545454545454545, 0.5932203389830509, 0.6046511627906976, 0.6713286713286714, 0.6268656716417911, 0.5849056603773585, 0.6835443037974683, 0.5762711864406779, 0.6950354609929077, 0.6969696969696969], "recall_subjective": [0.6206896551724138, 0.7291666666666666, 0.582089552238806, 0.64, 0.6666666666666666, 0.5849056603773585, 0.7397260273972602, 0.5230769230769231, 0.620253164556962, 0.7796610169491526], "precision_subjective": [0.6923076923076923, 0.5, 0.6290322580645161, 0.7058823529411765, 0.5915492957746479, 0.5849056603773585, 0.6352941176470588, 0.6415094339622641, 0.7903225806451613, 0.6301369863013698]}