{"accuracy": [0.8405172413793104, 0.8232758620689655, 0.7887931034482759, 0.7672413793103449, 0.7543103448275862, 0.8189655172413793, 0.7758620689655172, 0.7532467532467533, 0.7835497835497836, 0.7965367965367965], "f1_objective": [0.8991825613079019, 0.8851540616246499, 0.8545994065281899, 0.834355828220859, 0.8277945619335346, 0.8858695652173914, 0.8443113772455091, 0.8256880733944955, 0.8427672955974843, 0.867605633802817], "recall_objective": [0.9482758620689655, 0.8586956521739131, 0.8727272727272727, 0.8662420382165605, 0.8106508875739645, 0.9106145251396648, 0.8867924528301887, 0.8132530120481928, 0.881578947368421, 0.8953488372093024], "precision_objective": [0.8549222797927462, 0.9132947976878613, 0.8372093023255814, 0.8047337278106509, 0.845679012345679, 0.8624338624338624, 0.8057142857142857, 0.8385093167701864, 0.8072289156626506, 0.8415300546448088], "f1_subjective": [0.6185567010309279, 0.6168224299065421, 0.6141732283464567, 0.6086956521739131, 0.5714285714285714, 0.5625, 0.6000000000000001, 0.5777777777777778, 0.6527777777777777, 0.5607476635514018], "recall_subjective": [0.5172413793103449, 0.6875, 0.582089552238806, 0.56, 0.6031746031746031, 0.5094339622641509, 0.5342465753424658, 0.6, 0.5949367088607594, 0.5084745762711864], "precision_subjective": [0.7692307692307693, 0.559322033898305, 0.65, 0.6666666666666666, 0.5428571428571428, 0.627906976744186, 0.6842105263157895, 0.5571428571428572, 0.7230769230769231, 0.625]}